{
  "classes":10,
  "label2train":[
    [0, 0],
    [1, 1],
    [2, 2],
    [3, 3],
    [4, 4],
    [5, 5],
    [6, 6],
    [7, 7],
    [8, 8],
    [9, 9]],

  "label":[
    "background",
    "Soil",
    "Sand",
    "Shali",
    "jiyan",
    "Stone",
    "Track",
    "Shadow",
    "Bkg",
    "Unknown"],
  "palette":[
    [255,255,255],
    [0,0,255],
    [0,255,255],
    [0,255,0],
    [255,255,0],
    [255,0,0],
    [250,170,30],
    [220,220,0],
    [107,142,35],
    [152,251,152]],
  "mean":[
    73.158359210711552,
    82.908917542625858,
    72.392398761941593],
  "std":[
    47.675755341814678,
    48.494214368814916,
    47.736546325441594]
}
